ID,sex,age,exposure,order,TP,parade_response,acc,lineup,corpus,parade,rt,conf,conf_rt
5ea8d86b3c7f5f34a1e32a0d,Female,28,15s,2,Present,2,1,W2,WYRED,six,6721.3,7,6057.855
5e07ac6415ef4012834b2b38,Female,24,15s,5,Present,0,0,D3,DYVIS,six,4654,6,9394
60460ba2bb53b901e3380246,Female,25,15s,5,Present,2,0,D2,DYVIS,six,11745,7,5698
6012d27152fa5e09eb6a29e0,Female,36,15s,0,Absent,0,1,W2,WYRED,six,13432.32,8,9557.73
5f0e0020edcfcf0fe90c4f62,Male,27,15s,0,Absent,3,0,D3,DYVIS,six,12721.24,3,6957.415
5f5b77140093332a1e4584f3,Male,35,15s,0,Absent,1,0,D1,DYVIS,six,9273.765,7,3345.68
5f3519c52c61cf45f186a7b9,Male,31,15s,0,Absent,3,0,W1,WYRED,six,5005.15,7,3746.005
5ec54a7637927134ac7d3dc3,Male,20,15s,0,Absent,3,0,D1,DYVIS,six,5200.995,8,2504.295
603ab5961f94c168254f7104,Female,22,15s,0,Absent,6,0,D2,DYVIS,six,11237.145,4,5004.945
5797564b70c76a0001245734,Male,33,15s,2,Present,2,1,W1,WYRED,six,6980.865,8,7224.885
596dfaa96685b30001afc6d5,Female,37,15s,2,Present,3,0,D1,DYVIS,six,7260.5,4,4107.665
5e7902515312ee4a99c22e53,Male,35,15s,0,Absent,1,0,W2,WYRED,six,9791.52,3,9321.375
5c35655f87b777000170d85a,Male,33,15s,0,Absent,0,1,YO,YORVIS,six,12298.05,10,15176.57
5e14d1136e8aababb1942673,Female,33,15s,0,Absent,0,1,D2,DYVIS,six,10466.775,6,10726.43
5f61e6998ee2cb18c229f328,Male,38,15s,5,Present,5,1,YO,YORVIS,six,23364.065,2,14378.77
5ff3a2554cfb7d507511d89f,Female,21,15s,2,Present,1,0,YO,YORVIS,six,6177.49,6,4366.295
55cdc77f34e90600128d237f,Female,35,15s,2,Present,5,0,D3,DYVIS,six,11309.625,8,4444.815
601b1ae7bcb06741d4a4804d,Male,18,30s,0,Absent,1,0,W1,WYRED,six,13219.64,4,15167.905
5fdbb3b4e66d7f061f78ea21,Female,31,30s,5,Present,2,0,YO,YORVIS,six,8545,3,7644
5ee655f6137975087129de08,Male,29,30s,2,Present,2,1,YO,YORVIS,six,8024.42,7,6305.345
6012e3ec177ded0d2a006b92,Female,30,30s,0,Absent,5,0,D3,DYVIS,six,17323.065,4,12287.22
5e2db0f07dc16b3a611516bd,Female,38,30s,0,Absent,1,0,W1,WYRED,six,4730.085,7,5148.78
5f74b3a0d780450b219f8616,Female,24,30s,0,Absent,1,0,D3,DYVIS,six,10611.83,1,2712.05
5f0dc15ace21a50008f6c7a7,Female,22,30s,5,Present,1,0,D1,DYVIS,six,6914.435,6,4680.85
5e66af6f70f23a07c791f77d,Male,28,30s,0,Absent,2,0,YO,YORVIS,six,12916.76,6,8474.36
60245395a4f7f3128ca0bc2f,Female,22,30s,0,Absent,3,0,W2,WYRED,six,40291.155,3,6468.4
5a6e4286e6cc4a0001b6d281,Male,32,30s,0,Absent,1,0,D2,DYVIS,six,5218.41,2,5491.185
603e034b4049aed8872e6092,Male,38,30s,5,Present,1,0,D2,DYVIS,six,7448,8,5132
603a22c4ca68cf536c9f9f25,Female,21,30s,2,Present,3,0,W2,WYRED,six,4496.885,4,5689.855
60197cc53baef90915c0c121,Male,21,30s,2,Present,5,0,D3,DYVIS,six,13426.04,6,5321.35
5f5f3e4fe40e17027ac55f7b,Male,39,30s,2,Present,3,0,D2,DYVIS,six,6903.875,8,6124.265
5d34862748bf98000146b64f,Male,27,30s,5,Present,0,0,W1,WYRED,six,6204.115,8,5725.855
6040abafe15b682d431defc9,Female,23,60s,2,Present,2,1,W1,WYRED,six,5786.875,6,7906.255
5eddaa6d115bb4ac7e59f153,Female,29,60s,2,Present,2,1,D2,DYVIS,six,7795,10,5812
5de8d53cd0e07e836599d816,Male,21,60s,5,Present,3,0,D1,DYVIS,six,7081.295,6,5950.945
5eb089604b5931137dd66a19,Male,38,60s,2,Present,2,1,D1,DYVIS,six,20800.235,2,12572.275
5c3476a2f5ebd50001841284,Male,39,60s,2,Present,2,1,YO,YORVIS,six,3165.965,6,3741.28
5ba60d9fb3b5400001cd89cb,Male,33,60s,0,Absent,0,1,W1,WYRED,six,9493,3,6814
5c52481296b5130001776b83,Female,28,60s,0,Absent,0,1,W2,WYRED,six,13816,0,11786
5e8b765e88065404c4d50fe2,Male,38,60s,5,Present,4,0,W2,WYRED,six,13533,6,10809
5b325869530770000105ddfe,Female,32,60s,0,Absent,3,0,D3,DYVIS,six,9372.66,6,8893.91
602d4d4c654dbd73fc278783,Male,18,60s,0,Absent,3,0,W1,WYRED,six,10378.775,8,4297.84
5f626c68092fc82d0fb43326,Female,21,60s,0,Absent,3,0,D1,DYVIS,six,5663.435,5,5460.47
59b6b49259f3df0001e086e5,Male,29,60s,0,Absent,1,0,D3,DYVIS,six,6041.075,4,4341.11
5c8848c239b9760016937bfa,Male,26,60s,5,Present,5,1,D2,DYVIS,six,8453.35,7,3184.415
60433f269bd1872cdc1875e7,Female,27,60s,2,Present,2,1,W2,WYRED,six,4492.955,9,7103.505
5eaeb504b21d400009b756b9,Female,18,60s,5,Present,2,0,D3,DYVIS,six,7638.985,6,4159.545
5d3f460e0be98c001711d2a5,Female,35,60s,0,Absent,1,0,D2,DYVIS,six,4248.42,8,4095.95
5f0f2ff0762218000970c967,Female,24,60s,5,Present,5,1,YO,YORVIS,six,2819.445,7,4304.425
5e2e0e313a93113f94a58d9c,Male,23,30s,0,Absent,1,0,W1,WYRED,six,11312.08,3,7615.375
5c56550e54f9d30001db7f50,Male,34,15s,2,Present,1,0,W2,WYRED,six,4343.75,7,3182.13
5c2fb1412c45d400014ae103,Male,26,30s,5,Present,3,0,YO,YORVIS,six,4528.28,5,3422.61
60414322a28de10c2f909183,Male,27,15s,5,Present,4,0,D3,DYVIS,six,6831.79,6,2936.865
5f314ce90c431b614b338399,Male,29,60s,2,Present,5,0,W1,WYRED,six,13497.81,5,3838.505
5f37f69f5365a529f8a5b89c,Male,18,30s,0,Absent,5,0,D1,DYVIS,six,5209,8,6224
60182e93804fd3028b601891,Male,22,15s,0,Absent,0,1,W2,WYRED,six,8029.04,7,15310.455
601ecf037d641438c0840330,Female,38,15s,0,Absent,6,0,D3,DYVIS,six,11241.395,1,8166.67
5ef7dbfaa55497514b5ef931,Female,20,60s,0,Absent,1,0,D2,DYVIS,six,10258.655,4,17283.455
5d7fec07b85198001a357ac6,Male,21,60s,0,Absent,5,0,D2,DYVIS,six,10128.43,6,6387.175
602520a7131cb02a9887d9dc,Female,32,15s,0,Absent,3,0,W1,WYRED,six,12912.26,3,15398.82
601623c50446147b23a5bdff,Male,21,30s,5,Present,0,0,D3,DYVIS,six,13884.565,6,7488.39
5f0018ce21287311abc2ceea,Female,28,15s,0,Absent,4,0,W1,WYRED,six,5774.74,5,3326.055
5eb7e3d0c792cd717c63eca0,Male,19,15s,0,Absent,4,0,W1,WYRED,six,6829.78,8,4907.11
602e762e50c6039fa15d995d,Female,31,15s,0,Absent,4,0,D1,DYVIS,six,10599.38,6,7124.885
5f6079e3fa4e4f0109d96814,Male,27,15s,0,Absent,5,0,D2,DYVIS,six,10372.26,6,6538.325
5fefb0bebc4c4d34bc87c903,Male,31,30s,0,Absent,1,0,W1,WYRED,six,9659.94,6,5478.24
603e504e5efcd8e0d010bff2,Female,28,15s,2,Present,5,0,W1,WYRED,six,8720.85,6,4487.55
5e6509ecf1ccfc27a2ad7e99,Female,29,15s,5,Present,2,0,W2,WYRED,six,13818.1,4,8437.555
5fe1f5f751f3a9ceb57d935a,Female,25,15s,5,Present,3,0,W2,WYRED,six,7238.01,7,6171.795
5ee4aab1232e9d1b4d791bae,Male,40,30s,2,Present,1,0,W1,WYRED,six,5423,10,4017.59
602847bbeaecac36b1e747d6,Female,32,30s,2,Present,2,1,W1,WYRED,six,19160.92,7,10871.6
5eaadc0a7adeb404eea9c3c0,Female,28,15s,2,Present,2,1,D1,DYVIS,six,11308.815,6,6232.66
5c92a21d2affcf001776a514,Female,29,60s,5,Present,4,0,D1,DYVIS,six,8716.25,7,6068.96
5f316bcd6be94e000aeeaf49,Male,21,60s,2,Present,0,0,D1,DYVIS,six,11865.125,6,5360.915
6013e4245107832f7084db8b,Male,35,30s,0,Absent,1,0,W2,WYRED,six,4863.86,7,8340.285
59dbb88b0fb3a90001bd90b0,Female,26,30s,0,Absent,0,1,W2,WYRED,six,14470.775,6,7381.795
60437ca3c458b434004fa590,Male,22,60s,2,Present,2,1,YO,YORVIS,six,10128.605,4,8357.69
5cd6ba1d36870e001901b349,Female,32,15s,2,Present,2,1,D2,DYVIS,six,4365.93,8,4658.695
5a15c2c638ed430001be885b,Male,27,15s,2,Present,2,1,D2,DYVIS,six,12008.55,9,8153.745
5d2249547afc290017e5a8f9,Female,18,30s,5,Present,0,0,D1,DYVIS,six,18042.6,2,8161.8
601bef4596efd9620b3891dc,Male,35,60s,0,Absent,0,1,W1,WYRED,six,16932,5,11606
5de3f5bd5d4f973ef7ee3d5e,Female,25,15s,0,Absent,6,0,D3,DYVIS,six,17718.83,3,4475.36
601409d55844d4358c7a254a,Female,21,15s,0,Absent,0,1,D3,DYVIS,six,5211.2,7,5005.945
600ff015cef0db1e965111d7,Male,23,30s,0,Absent,1,0,YO,YORVIS,six,19733.495,7,13268.52
5ea8f7a68ef77b36c27a960f,Female,35,60s,0,Absent,1,0,W2,WYRED,six,28947.585,9,8079.085
603d2c959649cfb500c63424,Female,20,60s,5,Present,5,1,W2,WYRED,six,11212.16,6,8775.5
5d776e218a8d1d00166d36a6,Male,30,60s,0,Absent,4,0,D3,DYVIS,six,12326,7,4822
6026b621a46afb3bc557fe0b,Female,29,15s,0,Absent,0,1,W2,WYRED,six,19851.78,5,4948.725
60351fe20dbdbfa19e87f3a4,Male,20,60s,0,Absent,2,0,YO,YORVIS,six,14231.36,5,6167.105
5bcda2ee6fd72000014996e4,Male,36,60s,0,Absent,5,0,YO,YORVIS,six,24007.02,2,4368.17
601d6e6700b8c10e4f7f4da6,Male,36,60s,0,Absent,3,0,W1,WYRED,six,15549.38,7,11976.51
5ec7a8a6bc8040213b45a96a,Male,36,60s,0,Absent,6,0,YO,YORVIS,six,18254.145,5,7039.845
5ff1fa16b289af19f2eccd08,Female,26,15s,0,Absent,2,0,YO,YORVIS,six,3769.76,8,8205.015
5c8249a1fff8430014e992fe,Female,31,15s,0,Absent,5,0,D2,DYVIS,six,11164.655,7,17014.435
5f7ee2af49f7a51d751d7d98,Male,19,30s,0,Absent,5,0,D2,DYVIS,six,10844.69,8,6809.34
5f8760a641202a1715bd9f8d,Female,26,30s,0,Absent,1,0,D2,DYVIS,six,3779.515,2,1975.34
6006cb35c25d6207876b6d69,Male,22,60s,0,Absent,5,0,D1,DYVIS,six,24667.175,8,6388.195
5f846f83c82b620c0858a608,Male,36,30s,0,Absent,4,0,D1,DYVIS,six,10718.55,5,9117.59
603bf61a6aba3a8ce5a33af3,Female,28,15s,5,Present,3,0,YO,YORVIS,six,6705.01,7,4424.99
600735b261ca5f1be7555630,Male,28,15s,0,Absent,1,0,YO,YORVIS,six,7759.415,7,2564.395
5dec001a0ddd072f2233da45,Female,23,15s,0,Absent,6,0,YO,YORVIS,six,23140.53,4,7061.46
5bfc45cc34d3e000010d4c55,Male,28,30s,0,Absent,6,0,W2,WYRED,six,10948.135,7,13567.285
5dbbf8c28fd6251b98ba89f6,Female,26,60s,0,Absent,6,0,D3,DYVIS,six,5017.63,7,4760.09
5d30559f95d88f0019378e9c,Male,37,15s,5,Present,3,0,D1,DYVIS,six,7240.305,7,4375.83
5cff9e08380b1e001acc4372,Female,35,15s,5,Present,4,0,D1,DYVIS,six,9407.075,9,8159.09
5d8e154af2858200171fdb95,Female,35,60s,0,Absent,5,0,W2,WYRED,six,7364.245,5,5250.35
603ae31e6aba3a7010516055,Male,32,60s,0,Absent,3,0,W2,WYRED,six,10439.02,6,10614.9
5fe758aacb76975cfe7fd06d,Female,23,60s,0,Absent,4,0,D1,DYVIS,six,8089.245,6,5237.155
5ad4d7de546e150001b695b0,Male,22,60s,0,Absent,3,0,D1,DYVIS,six,7248.14,6,8618.25
5e5398251ffa3739e203820a,Male,31,60s,2,Present,2,1,D3,DYVIS,six,3539.04,7,5030.58
5f428e5cea3135095f68b561,Female,26,60s,2,Present,2,1,D3,DYVIS,six,7967.205,6,6106.845
5f3ebe53b9a7b3150f539bde,Female,34,15s,2,Present,2,1,YO,YORVIS,six,11260.495,8,3799.665
60420bb25042bc00088c5376,Female,31,30s,0,Absent,1,0,D2,DYVIS,six,4142.73,6,4256.72
5ee79fc74bf4de043c280712,Female,38,30s,5,Present,2,0,D2,DYVIS,six,10804.59,5,6806.3
602d86c3fe40c07eef510610,Male,19,60s,5,Present,1,0,D2,DYVIS,six,15588.675,6,7685.81
604236a103227606a88df9ae,Male,18,30s,2,Present,3,0,W2,WYRED,six,16272.87,7,7297.97
5e5667b3e5cbf4018c99991a,Female,39,30s,2,Present,2,1,D3,DYVIS,six,9575.455,2,4560.635
5c5caa79cfdd2800011fc34f,Male,36,30s,2,Present,2,1,D2,DYVIS,six,10813.53,10,7254.975
5e4b78037799c5082e147d5e,Female,38,60s,2,Present,2,1,W2,WYRED,six,12728.795,7,14806.115
5d14f846fdfbed0001af2673,Male,28,60s,5,Present,3,0,W1,WYRED,six,10372.63,8,7911.345
5fbc09e242e4d907cad1af91,Female,19,60s,5,Present,0,0,W1,WYRED,six,11396.075,7,8986.225
5e7b1d9e2113b21196d064cb,Female,27,15s,5,Present,4,0,W1,WYRED,six,9788.375,3,8342.55
5edba672293f3b028b70eb25,Male,35,60s,5,Present,0,0,D3,DYVIS,six,5422.75,9,4075.31
5e6c0757d09ad81cefb02539,Female,22,15s,2,Present,3,0,D3,DYVIS,six,10985.605,1,3331.75
5bee788abc444c00010098b7,Female,31,30s,2,Present,2,1,D1,DYVIS,six,10578.705,8,7218.725
5e7e2a7eb863744c42c72093,Female,27,30s,2,Present,2,1,D1,DYVIS,six,7509,6,8009
5bfd667f1fe1e50001406d4c,Male,40,60s,0,Absent,0,1,D2,DYVIS,six,10129,3,10938
5f00fa2353b5c10c934298fa,Female,31,60s,5,Present,2,0,YO,YORVIS,six,14039.51,5,4969.6
5f1e7c126807dd847ec19f57,Male,37,30s,0,Absent,2,0,YO,YORVIS,six,10727.92,10,4329.34
5e70fefda35482000b5919d4,Female,19,30s,0,Absent,1,0,YO,YORVIS,six,8607.245,5,5889.31
5ffed1bf9a45d15a0daea7b3,Male,34,30s,0,Absent,0,1,W1,WYRED,six,9480.925,4,7442.795
5961076cee166f00019591bf,Male,23,30s,0,Absent,0,1,W1,WYRED,six,20917.325,6,16965.925
5ec3eabec8f93307a60c5d1b,Female,22,15s,2,Present,5,0,W2,WYRED,six,7408.035,8,6090.005
5f5a12160fb28e0590441a00,Female,30,30s,5,Present,0,0,YO,YORVIS,six,8035.83,4,7468.78
5d35989e71b4880017d5cc81,Female,21,30s,5,Present,5,1,YO,YORVIS,six,8476.005,7,4907.005
5c44b3fe1bbffd0001014286,Male,27,15s,5,Present,4,0,D3,DYVIS,six,9642.34,5,4942.805
5fdbb5f61976280704b29dc2,Male,30,15s,5,Present,1,0,D3,DYVIS,six,4536.015,7,8311.9
5f5b8a0de610d92df74219d7,Female,27,60s,2,Present,3,0,W1,WYRED,six,3563.74,1,3949.035
5e0c68d5dd997b4356c54134,Female,38,60s,2,Present,5,0,W1,WYRED,six,5148.45,5,5735.96
604654fb0aeb2e1008f236f6,Male,40,30s,0,Absent,0,1,D1,DYVIS,six,17463.12,6,6997
5fc6c66db312473beedf9d4a,Male,38,30s,0,Absent,5,0,D1,DYVIS,six,8390,6,5055
5ffdbba18a42d5361122c3a5,Female,24,15s,5,Present,1,0,D2,DYVIS,six,15292.665,4,6022.925
5d47901043518d0017bf3c04,Female,23,15s,5,Present,4,0,D2,DYVIS,six,8047.64,2,4858.495
5ff770cbf676e943cc9f19dd,Female,37,15s,0,Absent,3,0,W2,WYRED,six,6500.26,6,9178.715
603e411c5efcd8dd647574be,Male,52,15s,0,Absent,1,0,W2,WYRED,six,4027.26,6,8729.25
58fc6017ee99a700012ce5d8,Male,38,15s,0,Absent,0,1,D3,DYVIS,six,9638,3,4888
5f0d87c546eefe02a4733c5b,Male,34,15s,0,Absent,2,0,D3,DYVIS,six,25438.04,5,10445.205
5e9375259c9687000b26ec11,Female,32,60s,0,Absent,0,1,D2,DYVIS,six,11454.79,4,11013.495
5e8e239a5763b20839257898,Male,19,60s,0,Absent,0,1,D2,DYVIS,six,8368.12,4,6310.185
5cfd555a50597d0016e8f2e0,Female,25,30s,2,Present,6,0,YO,YORVIS,six,8938.585,7,12039.26
5d5db7f7ca179000180b17cc,Male,36,30s,2,Present,3,0,YO,YORVIS,six,24118.22,2,7877.02
5edec2b3e095321650bddc22,Male,34,30s,2,Present,1,0,YO,YORVIS,six,9249,6,8049
5d691ef690cade0016695e4a,Female,34,15s,0,Absent,5,0,D1,DYVIS,six,6224.405,7,8064.225
5edcf3276763349d23ae0c5a,Female,33,15s,0,Absent,1,0,D1,DYVIS,six,10146.2,7,2963.86
5ecfd28bb14b1c05751f178c,Female,30,15s,0,Absent,6,0,W1,WYRED,six,7574.25,9,3677.995
5aa812eb1eda41000136ea43,Female,34,15s,0,Absent,4,0,W1,WYRED,six,6326.12,6,9540.515
5f08d7adb7990e14b0a2b4a2,Male,28,30s,5,Present,3,0,D3,DYVIS,six,5606.35,8,4627.31
5fba7ee45fdea9a4714b4aa8,Female,37,30s,5,Present,0,0,D3,DYVIS,six,23524.145,7,9303.91
5b9f7e3d00815d00010323f6,Male,25,15s,0,Absent,3,0,W1,WYRED,six,19990.485,5,16109.455
5f9b4134135e3835067097fe,Male,30,15s,0,Absent,0,1,W1,WYRED,six,10802.54,8,4706.055
5eec86e9d3eb82018755e3f5,Male,31,15s,0,Absent,3,0,D1,DYVIS,six,8595,6,6668
60254cd82e261d0547659465,Female,32,15s,0,Absent,6,0,D2,DYVIS,six,15536.31,7,4607.875
5ee8a0884efd881a3e166a65,Female,32,15s,0,Absent,5,0,D2,DYVIS,six,19136.63,4,7368.07
5e5556c0677c1055083ae16f,Male,32,60s,2,Present,2,1,D2,DYVIS,six,13286,8,4248
55d51a6b8ce09000127d4821,Male,31,60s,2,Present,2,1,D2,DYVIS,six,10716.33,7,5802.08
5fde46b3efea4053b75c65f1,Female,28,60s,2,Present,2,1,D2,DYVIS,six,8130.235,5,9274.245
601277db323c742b4baf4e2e,Female,36,30s,0,Absent,2,0,D3,DYVIS,six,9835.415,2,15084.955
5f4b9740fdda0b04d86a533c,Male,36,30s,0,Absent,0,1,D3,DYVIS,six,30618.64,8,26319.97
603e02ed8d9a2bdb613e9e95,Male,22,30s,0,Absent,5,0,W1,WYRED,six,18547.075,2,9726.21
601867fe8e5c370dbff4fcef,Female,22,30s,0,Absent,6,0,W1,WYRED,six,8187,6,7813.86
601efb79aa55223eeec6b2a6,Male,30,15s,2,Present,2,1,W1,WYRED,six,5514.54,8,15589.195
5f04c46bcfd81678efd229de,Female,26,15s,2,Present,2,1,W1,WYRED,six,9747.77,2,6691.67
5fbbcdbbe22525da1e629bd7,Male,39,30s,0,Absent,0,1,D3,DYVIS,six,8532.18,10,5822.07
5cdc5bc31f7a97001b6e5c31,Female,25,30s,0,Absent,5,0,D3,DYVIS,six,10946.495,1,3810.62
5e5f9b9e49f9e92dad6024ba,Female,20,30s,0,Absent,1,0,D3,DYVIS,six,11071.28,9,6511.99
603fb00167005509fb9cd294,Female,23,30s,5,Present,3,0,W2,WYRED,six,7813.71,3,6389.815
60120bd4b795752250b23279,Male,39,30s,5,Present,5,1,W2,WYRED,six,14247.11,7,11628.875
5e99f1ab02672c06c51487bd,Male,22,30s,5,Present,3,0,W2,WYRED,six,8228.605,7,3821.775
5aeb6f2eb59b0d00012e879f,Male,22,15s,5,Present,3,0,W2,WYRED,six,7488.095,5,6203.27
602bc3a62b8e8833a42be491,Male,32,15s,5,Present,5,1,W2,WYRED,six,6567.205,8,4118.47
5ee24eb741eeca31a067a7b6,Male,20,30s,2,Present,0,0,W1,WYRED,six,7524.035,3,3018.265
603bd7ca3d59e68ff8d2183e,Female,23,30s,2,Present,0,0,W1,WYRED,six,14943.18,0,6149.525
578a060882f7f90001ee801e,Female,30,15s,2,Present,1,0,D1,DYVIS,six,6393,4,9784
6033e1c97228c71437568d9a,Female,30,15s,2,Present,2,1,D1,DYVIS,six,3649.265,8,3416.95
5ff71bdc584ecf32f88e8b38,Male,33,60s,5,Present,4,0,D1,DYVIS,six,11695.11,6,5314.4
5c94dd61cb58ab0013b9d902,Male,34,60s,5,Present,5,1,D1,DYVIS,six,10150.455,9,8057.14
60394fde95a5a03dcc668c4b,Female,27,60s,2,Present,2,1,D1,DYVIS,six,6742.905,8,4713.065
5c90fafcf4d2360001614c1d,Female,39,60s,2,Present,6,0,D1,DYVIS,six,5739.545,7,3175.005
60415704c0fe11109230a4d6,Female,37,30s,0,Absent,3,0,W2,WYRED,six,22714.31,7,7042.755
604202d6a59d1c23a6992870,Male,27,30s,0,Absent,5,0,W2,WYRED,six,17579.855,6,12280.935
5ede2531cff15e047a4e356e,Male,35,60s,2,Present,3,0,YO,YORVIS,six,17853.42,3,10417.865
600df956646ab2400ee33cc0,Female,19,60s,2,Present,3,0,YO,YORVIS,six,7296.075,3,9163.595
601aeb70e9531b3f15c3036b,Male,19,15s,2,Present,2,1,D2,DYVIS,six,8815.565,7,3374.095
5d31933d5af82e00191e85cd,Male,29,15s,2,Present,2,1,D2,DYVIS,six,9535.11,7,5747.53
5b605c4e2696a70001eeef36,Female,28,30s,5,Present,1,0,D1,DYVIS,six,7115.205,8,4543.58
5d891e6c58e42400182bca83,Female,21,30s,5,Present,1,0,D1,DYVIS,six,5327.57,6,6131.67
60183237eb6259027c15520f,Female,25,60s,0,Absent,5,0,W1,WYRED,six,6353.165,9,9850.545
5fef763e878eaa2c8d6ceb02,Male,18,60s,0,Absent,2,0,W1,WYRED,six,10887.535,3,6951.155
604604bf082da501e40808c3,Male,40,15s,0,Absent,5,0,D3,DYVIS,six,18102.755,2,9067.32
5f1acaacc1b4612139b0619f,Female,38,15s,0,Absent,2,0,D3,DYVIS,six,12561.57,7,12669.89
60155bfca5f93a600802aa94,Male,28,30s,0,Absent,1,0,YO,YORVIS,six,10449.35,6,6666.32
600db27d32909358c00d0fbd,Female,34,30s,0,Absent,3,0,YO,YORVIS,six,9638.28,7,6241.325
5f0da151d7f599017aeb77bd,Female,33,60s,0,Absent,3,0,W2,WYRED,six,5323.845,5,5614.87
5c95236d2e2e320001b1ab16,Male,21,60s,0,Absent,1,0,W2,WYRED,six,8338.37,8,4717
60355c836d6a94e75072abfc,Female,33,60s,5,Present,4,0,W2,WYRED,six,16030.92,5,7213.25
603abbf9d1aca669f8875d59,Female,24,60s,5,Present,1,0,W2,WYRED,six,7949.36,10,4713.365
60280a05951673656e547046,Female,29,60s,0,Absent,5,0,D3,DYVIS,six,38548.435,2,6761.58
60284f4bf85f46707feee17a,Male,21,60s,0,Absent,2,0,D3,DYVIS,six,20846,6,6837
603ab157b6ca3370a7c7b019,Female,30,15s,0,Absent,3,0,W2,WYRED,six,6589.505,6,4399.58
5f29666d4eeb0b042380f50b,Male,21,15s,0,Absent,0,1,W2,WYRED,six,8278.235,6,4325.405
60196a81bd21cd05b43d4e9a,Female,29,60s,0,Absent,4,0,YO,YORVIS,six,6060.375,8,7532.145
5eedec89a08bcd222d7c447c,Male,19,60s,0,Absent,0,1,YO,YORVIS,six,35462,9,8118
5af7027fc13ab20001737328,Male,32,60s,0,Absent,5,0,W1,WYRED,six,16977.95,6,10643.04
59c79bc021454d000194c137,Male,24,60s,0,Absent,3,0,W1,WYRED,six,6925.05,6,6533.435
60437c899ea7d132de249324,Female,20,60s,0,Absent,6,0,YO,YORVIS,six,2495.42,1,1997.915
5e2f5a4add6947088ee26f21,Female,38,60s,0,Absent,6,0,YO,YORVIS,six,19170.255,7,11944.67
5f6cc4a84b851e0bb2028bb9,Female,30,15s,0,Absent,0,1,YO,YORVIS,six,13783.7,8,9549.2
5fe21892cb429d5351fe7b67,Male,35,15s,0,Absent,2,0,YO,YORVIS,six,5691.615,9,8973.47
602c0bf58e1ead4577bb3c26,Male,29,15s,0,Absent,1,0,D2,DYVIS,six,7482.18,6,4993.89
5cc1d40a0c244900013b90b2,Male,28,15s,0,Absent,2,0,D2,DYVIS,six,5006.045,8,4441.025
5caba2588d77140014bac508,Male,33,30s,0,Absent,1,0,D2,DYVIS,six,12361.14,6,6201.765
5aa6e3d04eecca0001ddfc96,Male,27,30s,0,Absent,5,0,D2,DYVIS,six,18658.295,7,4525.5
5ecd4fd21c94a20976d923e4,Female,37,60s,0,Absent,1,0,D1,DYVIS,six,3941.755,8,8042.905
60129c47a16dde0009ae57e0,Female,23,60s,0,Absent,5,0,D1,DYVIS,six,12186.32,6,5265.65
5fde21049568d54ccd42ae47,Male,22,30s,0,Absent,4,0,D1,DYVIS,six,12824,2,14337
5ee91ec1ef56832aa7947169,Male,31,30s,0,Absent,6,0,D1,DYVIS,six,12468.51,2,9923.8
5ea85cf4ad1f760a537eadfe,Male,31,15s,5,Present,6,0,YO,YORVIS,six,10452,3,12620
5e7d286a3a915c3b5c7f6ba6,Male,23,15s,5,Present,3,0,YO,YORVIS,six,10237.945,6,9728.445
5f5228d0e52c0947a607fc39,Female,28,15s,0,Absent,5,0,YO,YORVIS,six,17499.32,2,3877.19
5bb41c688f3bd70001e5a377,Male,34,15s,0,Absent,3,0,YO,YORVIS,six,9235,7,6813
5ede7a750fcb900e98650b4f,Female,22,30s,0,Absent,6,0,W2,WYRED,six,7871.745,3,4135.37
60117218ae76dd05209ea665,Female,23,30s,0,Absent,3,0,W2,WYRED,six,5974.03,7,6482.965
5c7fbdeecd2fed00106e918a,Female,36,60s,0,Absent,0,1,D3,DYVIS,six,14387,1,8905
5efa33c4e9f4160ffd817db9,Female,39,60s,0,Absent,5,0,D3,DYVIS,six,16787.815,6,18324.97
570d45dc42a1db000ec4d1ce,Female,35,15s,5,Present,5,1,D1,DYVIS,six,3913.48,8,5167.01
5e68e37d1f156a187d75e7b8,Male,23,15s,5,Present,1,0,D1,DYVIS,six,5562.705,8,4353.655
5ff42a4b5474cda948f1bd95,Female,31,60s,0,Absent,6,0,W2,WYRED,six,11037.38,6,12906.07
59baf1a2178f1b0001828a26,Male,26,60s,0,Absent,3,0,D1,DYVIS,six,9697.975,3,4110.39
567f59e0d18c640011e7ac0b,Female,32,60s,0,Absent,1,0,D1,DYVIS,six,8188.22,9,2756.585
5b421b9ac2e3810001763252,Female,33,60s,2,Present,2,1,D3,DYVIS,six,12921.185,6,7177.815
5f454173b7fe9e0e53e90385,Male,24,60s,2,Present,2,1,D3,DYVIS,six,6454.985,8,3762.705
5f2bb6075f057c653b2c85e6,Female,23,15s,2,Present,3,0,YO,YORVIS,six,8574.885,6,5502.275
5dfc961705620597cd804552,Female,35,30s,0,Absent,1,0,D2,DYVIS,six,8367,8,6744
5bccea9f11567100015264dc,Male,26,30s,0,Absent,1,0,D2,DYVIS,six,3653.12,9,3588.56
601e028aea41df251254119a,Female,30,30s,5,Present,5,1,D2,DYVIS,six,6291,6,3217
5f200f43591b360416b211b9,Male,30,30s,5,Present,2,0,D2,DYVIS,six,16266.215,7,9215.235
56c393c495cf7f000b956b25,Male,35,60s,5,Present,1,0,D2,DYVIS,six,11760.94,6,4683.395
5630caf8733ea0000a162d0b,Male,38,30s,2,Present,2,1,W2,WYRED,six,9312.24,7,4320.06
5d4063525f6f2f00017a1e1c,Male,24,30s,2,Present,2,1,W2,WYRED,six,11395.3,2,5865.325
5f69fde395b6000219fb371c,Male,21,30s,2,Present,5,0,D3,DYVIS,six,6840.845,7,5792.345
5702fde2d4cf7f00089471f3,Male,26,30s,2,Present,3,0,D2,DYVIS,six,6780.885,7,6747.065
5f5f39a7f2eef202b95c385d,Female,25,30s,2,Present,2,1,D2,DYVIS,six,5345.03,9,7054.12
5efe07ae5c74040d238693ce,Male,39,60s,2,Present,2,1,W2,WYRED,six,5773.4,3,8452.005
6032665c2e34a2226b79a3e1,Male,28,60s,5,Present,4,0,W1,WYRED,six,12048.03,7,5928.715
5f770892937cb105ee336e43,Female,20,60s,5,Present,6,0,W1,WYRED,six,7518.745,6,4225.85
5ea12f2dd32031131be8c1fb,Male,27,15s,5,Present,5,1,W1,WYRED,six,5414.39,8,3930.225
5d5837db257b37001a265f9b,Male,29,15s,5,Present,4,0,W1,WYRED,six,11747,7,21461.09
5f036fa191b83b566b3ff142,Male,40,15s,5,Present,0,0,W1,WYRED,six,20359.12,4,6836.22
58556f5f71a3ef0001cc94f1,Female,24,60s,5,Present,0,0,D3,DYVIS,six,18144.16,3,9685.33
601ee81bf6eda03c73e86dea,Female,25,60s,5,Present,1,0,D3,DYVIS,six,13488,6,13782
5ff703cfaee4a330356bc5b4,Female,23,15s,2,Present,2,1,D3,DYVIS,six,7934.915,7,7443.28
5fccf2381ec527b7a7a7e652,Male,38,15s,2,Present,0,0,D3,DYVIS,six,5503.51,6,4263.545
60297217b23caa3276abfafb,Male,30,30s,2,Present,1,0,D1,DYVIS,six,9265.62,7,7618.805
5f63ca9638a246127b42ae8f,Female,31,60s,0,Absent,1,0,D2,DYVIS,six,2532.07,7,7349.335
5ff5ce0bc6542408fb05044b,Female,25,30s,5,Present,5,1,W1,WYRED,six,13314.83,8,9578.895
60462b90acf8790826479eb2,Male,22,30s,5,Present,5,1,W1,WYRED,six,6804.615,6,4554.83
5fc2fd2c7b9f5d598c3a0cf7,Female,37,60s,5,Present,5,1,YO,YORVIS,six,8954.675,5,2973.7
5e14d039a2c696ae1f0946e4,Female,23,60s,5,Present,1,0,YO,YORVIS,six,6658.74,6,13554.02
60362f9b635efa2628877f61,Female,25,30s,0,Absent,0,1,YO,YORVIS,six,9654.25,7,5468.435
5d7978a501a3bf00172a9053,Female,24,30s,0,Absent,0,1,YO,YORVIS,six,11640.385,2,3890.755
5fe1f4b7e6b281ce83d51e30,Male,20,15s,7,Present,9,0,D3,DYVIS,nine,9151.599999982864,7,4957.345000002533
5eac2562b38b6105b2922604,Female,20,15s,0,Absent,6,0,D2,DYVIS,nine,11157.40000002552,6,13512.51500000944
5a5a4606ac5624000153e17d,Female,22,60s,3,Present,3,1,D1,DYVIS,nine,6101.444999920204,5,7703.055000049062
5e121f4f4cac68895c9dbe68,Female,40,15s,0,Absent,2,0,W2,WYRED,nine,36716.25499997754,3,6839.374999981374
5d53a5e5a8b69800169db103,Male,35,60s,0,Absent,8,0,YO,YORVIS,nine,8256.770000094548,6,6043.004999868572
5f69cce68ba9980008046559,Female,21,30s,3,Present,3,1,D3,DYVIS,nine,21172.53000009805,4,12658.79999985918
5f7da54855d86b29a3c5c428,Male,18,30s,0,Absent,6,0,YO,YORVIS,nine,6118.769999942742,4,3293.850000016391
5fb679307818f300081af175,Male,19,15s,7,Present,7,1,D3,DYVIS,nine,5069.224999999278,7,3481.565000000061
5f9ad2822a64b3239b9792b3,Male,24,60s,7,Present,1,0,D1,DYVIS,nine,9710.265000001527,6,6163.744999998016
5f85855d36d41103b84adad2,Female,33,30s,0,Absent,2,0,D2,DYVIS,nine,11230.05000001285,4,10133.75500001712
5eff7df90aede705593e92d7,Male,19,30s,0,Absent,6,0,W1,WYRED,nine,28290.275,0,13109.215
5fec3b7ebb7b298a52d10d95,Male,29,15s,3,Present,3,1,W2,WYRED,nine,7392.13,5,6920.855
5bd6019bfa26d10001b4df57,Male,34,15s,7,Present,1,0,D3,DYVIS,nine,7121.74,6,4813.125
5f7959d0b6791155e6932dd1,Female,36,30s,0,Absent,6,0,D1,DYVIS,nine,13261.295,5,19558.74
5cb8d06a75c0e10001540418,Male,39,15s,7,Present,3,0,D2,DYVIS,nine,9602.98,6,2588.42
5e580bcf4782bd01723249e2,Female,25,30s,3,Present,2,0,YO,YORVIS,nine,9880.775,4,8732.45
5d3bfbebfd9694001a2d0f99,Male,33,15s,0,Absent,1,0,W1,WYRED,nine,10844.86,6,5867.805
5d5402545aef9b000118fd50,Female,29,15s,0,Absent,3,0,D1,DYVIS,nine,6647.425,4,4816.18
5ed2817f4bcc7a0669448e44,Female,28,60s,3,Present,3,1,D2,DYVIS,nine,7956.25,8,4438.705
5f0845a5958a6501ecc3d978,Female,24,30s,0,Absent,2,0,D3,DYVIS,nine,8219.22,2,6864.35
5f9893a91273a51968c3cf9c,Male,36,15s,3,Present,3,1,W1,WYRED,nine,15748.485,4,23881.42
5ebfb828e70ab725a9ba3ff4,Male,18,15s,7,Present,5,0,W2,WYRED,nine,13854.345,3,7254.945
5e870606f9dd66349540b880,Male,26,30s,3,Present,1,0,W1,WYRED,nine,3186.33,10,3502.885
5ebe9ba752363c05058883d8,Female,30,30s,0,Absent,2,0,W2,WYRED,nine,10042.79,2,9208.66
57160a57cd6ea20011dae249,Male,32,60s,3,Present,6,0,YO,YORVIS,nine,6908,5,6607
5ea984743fade009cb8327e2,Female,30,15s,3,Present,7,0,D2,DYVIS,nine,5827.035,5,5476.015
60037245635c4b0e02df51b6,Male,18,15s,0,Absent,4,0,D3,DYVIS,nine,20601,8,11801.9
5f69fe3c1acc2b021e1de5cb,Female,36,30s,0,Absent,2,0,YO,YORVIS,nine,9293.765,8,8224.355
5f88d50e4ffd4e03add5cce1,Female,27,60s,0,Absent,7,0,W2,WYRED,nine,52475.55,8,3697.29
5f86e6019a0cbc03afd4ac20,Male,22,60s,0,Absent,4,0,YO,YORVIS,nine,72027.33,3,12727.61
5fc3786339c5f2192e8c129c,Female,36,60s,0,Absent,7,0,W1,WYRED,nine,12210.635,3,11177.33
5e3de55071cf2606b45c50a6,Female,35,15s,0,Absent,1,0,YO,YORVIS,nine,9417,6,11948
5f1b190a3bcef809d5b99d94,Female,34,15s,0,Absent,7,0,D2,DYVIS,nine,12284.335,3,4328.255
5c2a799737ae5200017c7712,Female,36,30s,0,Absent,0,1,D2,DYVIS,nine,24963.005,5,10060.95
6002644fb11a3827c99d0a71,Female,25,60s,0,Absent,3,0,D1,DYVIS,nine,4983.295,7,10426.87
5ec7d2b99aa4f624f6fcb4fb,Female,26,15s,0,Absent,4,0,YO,YORVIS,nine,12588.65,3,8556.135
5f4e79fc592a74059a7a9786,Male,26,30s,0,Absent,9,0,W2,WYRED,nine,16065.385,3,44039.36
5f48cdc990753303812ff6fd,Female,30,15s,7,Present,7,1,D1,DYVIS,nine,13505.705,9,14100.5
5ef7cf0ecedc3d1009540a68,Male,23,60s,0,Absent,9,0,W2,WYRED,nine,12017.23,0,4081.735
5fa5bac5176d761392b045e3,Female,26,60s,0,Absent,3,0,D1,DYVIS,nine,8856.285,5,24477.21
5e380457679e67000c56b02f,Male,38,60s,3,Present,1,0,D3,DYVIS,nine,28496.435,2,15023.55
5e78d94b02c79b45b3339443,Female,28,15s,3,Present,1,0,YO,YORVIS,nine,18460.355,2,12842.09
5ec265e21bfa1703aa852686,Male,36,30s,7,Present,7,1,D2,DYVIS,nine,8592.89,4,9384.805
5ff4dcc2509c7e47228fb5b5,Female,22,30s,3,Present,4,0,W2,WYRED,nine,13222.07,7,6865.305
600976bb815503417c529565,Male,29,30s,3,Present,1,0,D3,DYVIS,nine,12769.45,7,10845.605
5ee11f0936d2b84d2686e4a1,Male,21,60s,7,Present,6,0,W1,WYRED,nine,10422.56,3,4805.45
5f9c0873f6294202a1688b57,Male,18,60s,7,Present,7,1,D3,DYVIS,nine,12510.695,5,6901.38
5f119d6034b87902fdd7d772,Male,39,15s,3,Present,0,0,D3,DYVIS,nine,14791.585,3,11342.72
59735dceed4ba80001b4972e,Male,28,30s,3,Present,3,1,D1,DYVIS,nine,8264.33,9,4746.525
5eb93895aef0a200086bbb68,Female,26,60s,0,Absent,7,0,D2,DYVIS,nine,8084.005,7,5450.725
5efed7f95999053f23567659,Female,32,30s,0,Absent,8,0,W1,WYRED,nine,5542.19,6,7368.2
5d70328fbca59f00019ce91d,Male,26,15s,3,Present,3,1,W2,WYRED,nine,13264.535,9,6045.04
5e25f47427b78983dc68a86a,Female,25,30s,7,Present,7,1,YO,YORVIS,nine,11135.105,6,3819.49
6009aa8466cfd702c9384beb,Male,24,60s,3,Present,4,0,W1,WYRED,nine,14593.625,7,17907.41
5f85908061eaad0008b6418a,Female,25,30s,0,Absent,6,0,D1,DYVIS,nine,3350,3,5282
5eda56d66594866448d580c8,Female,23,15s,7,Present,7,1,D2,DYVIS,nine,9204.775,7,8408.155
5f70ae861194db096edd2b38,Female,24,15s,0,Absent,9,0,W2,WYRED,nine,10994.81,6,9471.39
5f4687b39c560f000b424975,Female,18,15s,0,Absent,1,0,W2,WYRED,nine,6127.01,6,5535.635
5d91d281412c0300cb50e7ee,Female,30,15s,0,Absent,4,0,D3,DYVIS,nine,5786.435,5,7735.07
5f3e6a4c5ec7d106ce66d203,Male,39,15s,0,Absent,0,1,D3,DYVIS,nine,28597.83,2,15087.115
5ef90e8cf0849b0db25fe232,Male,32,60s,0,Absent,2,0,D2,DYVIS,nine,7606.29,6,5790.72
5eb05ee34ca8a81042c289ab,Female,30,60s,0,Absent,0,1,D2,DYVIS,nine,14020.895,7,11855.63
5f6b8b7db242370b7f5e54f3,Male,35,30s,3,Present,9,0,YO,YORVIS,nine,17918.16,8,10729.99
5ea4cebb8944a8495280db42,Female,24,15s,0,Absent,4,0,D1,DYVIS,nine,9503.975,1,4180.495
5ebac91735226005282f48dd,Male,24,15s,0,Absent,0,1,D1,DYVIS,nine,7764.82,8,4082.68
5fb27c0b98cf2f8613d51afc,Male,29,15s,0,Absent,2,0,W1,WYRED,nine,8120.21,8,8368.795
5cc5ce5bbad2c800158b12aa,Male,26,30s,7,Present,0,0,D3,DYVIS,nine,10381.075,8,7402.065
5fb29577ca2ab98b170f5299,Male,32,30s,7,Present,1,0,D3,DYVIS,nine,11860,1,6414
5cae6a77b38ea60016e54889,Female,20,15s,0,Absent,9,0,W1,WYRED,nine,32206.4,5,8278.745
6002f4da172c9b336a44d2c0,Female,32,15s,0,Absent,2,0,W1,WYRED,nine,4953.2,4,5162.39
5f2c44a7ad8a630dd752f596,Female,23,15s,0,Absent,3,0,D1,DYVIS,nine,4714.485,7,4580.725
59e4fe775de9b000017ecfd0,Female,33,15s,0,Absent,6,0,D2,DYVIS,nine,7482.655,3,8302.94
5d68c8aa40524c00189e8ac2,Male,29,15s,0,Absent,9,0,D2,DYVIS,nine,4565.945,8,3125.97
5fd8d8568ffdad0a4414e351,Female,40,30s,0,Absent,6,0,W1,WYRED,nine,74800.325,2,5819.135
5e1cf0eb65b6d3071f489de9,Female,27,15s,3,Present,3,1,W1,WYRED,nine,7546.44,5,5278.42
574c19047fd0ec0006b655ec,Female,26,30s,0,Absent,5,0,D3,DYVIS,nine,5873,8,6233
59a02221ec2f75000124edea,Female,34,30s,0,Absent,9,0,D3,DYVIS,nine,11364.495,6,7693.31
5fb283bb2be93b86a58a55b8,Male,29,30s,7,Present,6,0,W2,WYRED,nine,19699.69,1,8095.165
5f01eb945dce430688764829,Male,20,30s,3,Present,3,1,W1,WYRED,nine,2781.11,8,3768.37
582468295f4d1c0001c7c467,Male,26,15s,3,Present,6,0,D1,DYVIS,nine,3541.815,6,4950.005
5de3c83c2033793be6591e53,Male,37,60s,7,Present,1,0,D1,DYVIS,nine,11529.535,6,5792.38
5f324b70701dca04e0ea2c3e,Male,29,60s,7,Present,7,1,D1,DYVIS,nine,11861.87,8,8312.17
5f345b72710476368f1bc455,Male,21,60s,3,Present,1,0,D1,DYVIS,nine,10390.82,6,7156.955
58a9acb966e4640001c53a7f,Male,30,30s,0,Absent,0,1,W2,WYRED,nine,8349,7,12549
5d08aa3601331e0001b48923,Male,22,60s,3,Present,3,1,YO,YORVIS,nine,11351.97,5,8916.565
5ff4572e8929f0b01798fb55,Female,20,15s,3,Present,3,1,D2,DYVIS,nine,13640.075,7,9085.675
5f0a14c3d362030c483654a3,Male,18,30s,7,Present,7,1,D1,DYVIS,nine,6782.415,2,4569.675
572f526c3c27e7000e0b8aaa,Male,30,30s,7,Present,9,0,D1,DYVIS,nine,17922.3,7,8820.62
5ee5defbfe74a3000d106f51,Male,28,60s,0,Absent,0,1,W1,WYRED,nine,8833.875,9,10285.585
5fa43bb9a1da9605a34dcc0d,Male,21,30s,0,Absent,0,1,YO,YORVIS,nine,10367.405,1,4311.695
5e24e485cfb6eb000c6c2188,Female,22,60s,0,Absent,0,1,W2,WYRED,nine,12990.295,3,10056.155
5ff5a8e4c4d15f034f60ce96,Female,20,60s,7,Present,1,0,W2,WYRED,nine,29428.72,7,7738.97
5fbf7a3d2c47c32577032555,Female,39,60s,7,Present,4,0,W2,WYRED,nine,6288.675,8,5666.34
5cbf0f6b0cae6b0017409a1e,Male,32,60s,0,Absent,5,0,D3,DYVIS,nine,11271.44,2,6634.745
5f7477abcf5ee9010adc38bb,Female,20,60s,0,Absent,9,0,D3,DYVIS,nine,6455.255,1,6749.065
5fb4f3448892dc2e1fe5a2f8,Female,21,15s,0,Absent,0,1,W2,WYRED,nine,7284,3,3750
5ffcb9caa9a01e12555b4641,Male,32,15s,0,Absent,0,1,W2,WYRED,nine,8334.055,8,4170.12
5ecee29193c3452e95a3d873,Female,37,60s,0,Absent,4,0,W1,WYRED,nine,4821.98,2,4360.03
5615f3a47ffc8a000f812714,Male,32,60s,0,Absent,2,0,YO,YORVIS,nine,12859.145,4,31322.57
5fbe65ca50c24314c8b06551,Female,32,60s,0,Absent,4,0,YO,YORVIS,nine,16159.64,2,8533.335
5ee5316d8982500d5e337e4e,Male,20,15s,0,Absent,8,0,YO,YORVIS,nine,4355.885,6,4214.51
5f8806a4a5234124fb53e5a7,Female,20,30s,0,Absent,4,0,D2,DYVIS,nine,9649.53,7,5603.5
5e4feb8037713502e9ed364b,Female,19,60s,0,Absent,6,0,D1,DYVIS,nine,6123.925,4,6613.49
5edbe8bede51ce095464a4a6,Male,21,30s,0,Absent,9,0,D1,DYVIS,nine,4434.77,8,3930.895
5afc14a00b2d5f00015693b4,Male,35,15s,7,Present,0,0,YO,YORVIS,nine,15165,9,6221
5eadaff848b26f4483ae62d9,Male,39,15s,0,Absent,4,0,YO,YORVIS,nine,3428.2,9,2540.305
6004f143f2c6bf3c154374bc,Male,18,30s,0,Absent,2,0,W2,WYRED,nine,15474.795,5,7008.505
5f465afff2f28602c7ea8c10,Male,22,60s,0,Absent,7,0,D3,DYVIS,nine,5843.339998,6,3240.724999
5fc6b0e573967e383a87b298,Female,29,60s,0,Absent,3,0,D3,DYVIS,nine,9263.9,5,6673.305
597645f068264c0001c48c5b,Male,34,60s,0,Absent,2,0,W2,WYRED,nine,26164,7,4577
5d470786da637a00014ba26f,Male,35,15s,3,Present,2,0,YO,YORVIS,nine,14914,6,10471
5fb4b543282b20203734ba72,Male,27,30s,0,Absent,4,0,D2,DYVIS,nine,3519.13,2,3927.445
60075468763f8022cd8313ef,Female,21,30s,0,Absent,5,0,D2,DYVIS,nine,5812.215,7,5878.645
5f6dbceffa9ab9240869641c,Female,27,60s,7,Present,6,0,D2,DYVIS,nine,6448.325,10,2298.4
5f622fbe1fbbd21051cb28b3,Male,39,30s,3,Present,3,1,W2,WYRED,nine,13009.52,8,10470.805
5f59ea191a6180011ed70ef8,Female,28,30s,3,Present,6,0,D3,DYVIS,nine,16225.51,8,5687.445
5f835b913ffc5f0fd6bc7492,Female,23,30s,3,Present,0,0,D2,DYVIS,nine,11373.44,5,6787.38
5faea720ade7d409342741fa,Female,22,60s,3,Present,3,1,W2,WYRED,nine,13747.995,8,13372.83
5fc4c0f61de4be951356ef9b,Male,18,60s,7,Present,5,0,W1,WYRED,nine,14374,4,8361
5fbe37674974272f0611e4ac,Male,19,15s,7,Present,6,0,W1,WYRED,nine,4671.23,8,3738.1
5e3878bdb7fe58049b837ea9,Male,19,60s,7,Present,4,0,D3,DYVIS,nine,9521.455,7,2531.875
5eacaaf0fb58ff330a48192b,Female,27,15s,3,Present,3,1,D3,DYVIS,nine,8860.005,5,6232.175
5f6e1ae429ca17301e49a192,Female,21,30s,3,Present,3,1,D1,DYVIS,nine,4731.175,5,4926.53
5d7c060606189b0017ba79c9,Female,37,60s,0,Absent,5,0,D2,DYVIS,nine,13353.57,5,4700
5edf2a9fb1248f1cd05f57fd,Male,33,30s,7,Present,2,0,W1,WYRED,nine,10220.58,6,11595.065
5eac3dc896a6242689110c31,Female,21,30s,7,Present,1,0,W1,WYRED,nine,9751.48,6,32756.39
5fa3f95e37e424055200c834,Male,30,60s,7,Present,4,0,YO,YORVIS,nine,4909.695,6,4998.02
5fb6817b4e110a034d8c9830,Female,24,60s,7,Present,2,0,YO,YORVIS,nine,9088.465,2,5531.72
5e282e43266894a3e79a6eaa,Female,20,30s,0,Absent,0,1,YO,YORVIS,nine,11359.705,4,8988.915
5f556bd88eeab9153cd176de,Female,24,30s,0,Absent,2,0,W1,WYRED,nine,5574.775,6,6044.84
6002f2f7e0218e025b6f2afb,Male,19,30s,7,Present,3,0,YO,YORVIS,nine,8894.39,4,6715.86
5fc25f1b214f5d3dfd67e588,Male,19,30s,7,Present,4,0,YO,YORVIS,nine,12009,5,6469
59efd2b3d838ae000185123a,Female,28,15s,7,Present,7,1,D3,DYVIS,nine,7424.185,3,4149.515
5f4cc620ccae1c8df2815418,Male,25,60s,3,Present,1,0,W1,WYRED,nine,4291.675,7,3858.425
60057cf25439a47ac02192af,Female,23,60s,3,Present,3,1,W1,WYRED,nine,20663,2,8704
5f25e8f8e4d6b414e499c7c5,Male,27,30s,0,Absent,3,0,D1,DYVIS,nine,8718.595,7,6816.52
5db4cf0a91ed69000f23a9d9,Female,21,15s,7,Present,9,0,D2,DYVIS,nine,10141.85,7,5732.15
5f5a0782d66aea0433e543ed,Female,33,15s,0,Absent,2,0,W2,WYRED,nine,5408.595,8,7535.345
5ff37d95ad8fba9abee3ad12,Female,19,15s,0,Absent,3,0,D3,DYVIS,nine,8948.895,6,4637.845
5e7b804f9379140478c688da,Male,25,60s,0,Absent,5,0,D2,DYVIS,nine,6925.335,9,5313.925
5f881c7d29650a26096e77a3,Male,28,30s,3,Present,2,0,YO,YORVIS,nine,5542.355,10,4680.36
5b9d73ec6b0f63000148db87,Male,32,15s,0,Absent,3,0,D1,DYVIS,nine,4380.215,8,2575.455
6006cf1238099707863fc7b4,Female,27,15s,0,Absent,7,0,W1,WYRED,nine,5048.34,7,3248.75
5f6f24f71b1cd746e9ded65e,Male,22,30s,7,Present,9,0,D3,DYVIS,nine,17826.34,5,6368.22
5ea1c935df1e160ae8532b18,Male,30,15s,0,Absent,0,1,W1,WYRED,nine,18966.96,8,15743.295
5fad2005789cda3a26bfd0d1,Male,32,15s,0,Absent,3,0,D1,DYVIS,nine,3163.835,7,6493.93
5e67dc8e61181f082015b19e,Female,32,15s,0,Absent,5,0,D2,DYVIS,nine,5451.605,6,7660.075
5a68cddb31b87a0001c75534,Female,36,60s,3,Present,1,0,D2,DYVIS,nine,8067.965,9,8121.545
5c577dcdd05b820001395ce9,Male,19,60s,3,Present,1,0,D2,DYVIS,nine,10876.815,9,10134.015
5f6c828345ca23025dcefa6f,Male,29,30s,0,Absent,1,0,D3,DYVIS,nine,24681.71,9,3731.205
5fd212bbaf3cce26aee4b4c7,Female,24,30s,0,Absent,7,0,W1,WYRED,nine,12082.135,6,11076.82
5ef660beebde2833d8492e58,Female,30,30s,0,Absent,0,1,W1,WYRED,nine,7849.33,7,6304.945
5e792b54ede26d0bc3d47d12,Female,35,30s,0,Absent,1,0,D3,DYVIS,nine,9390.46,7,5067.485
5f3125c68d98745b4f49531b,Male,34,30s,7,Present,1,0,W2,WYRED,nine,18633.495,2,6436.86
5fd3f42e457a37122e5a716d,Female,20,30s,7,Present,5,0,W2,WYRED,nine,18285.545,4,5980.44
600552740dbd6673a1ffda30,Female,23,15s,7,Present,0,0,W2,WYRED,nine,17107.91,4,7921.325
5fb93f3349adcb75d64045d1,Female,21,15s,7,Present,7,1,W2,WYRED,nine,4824.905,8,3071.585
5ea2c1119a49751e74bb17c5,Male,20,30s,3,Present,0,0,W1,WYRED,nine,7222.04,3,6975.76
5fc0cbc5c57a180ab38a13dd,Female,40,15s,3,Present,3,1,D1,DYVIS,nine,4382.035,7,8312.06
59d395800118340001369be1,Male,29,60s,7,Present,7,1,D1,DYVIS,nine,4629.235,9,5598.63
5f973e6938ccf40da50242dd,Male,19,60s,3,Present,3,1,D1,DYVIS,nine,2578.22,8,4088.005
5feb355dfef4d1b60be48854,Male,24,30s,0,Absent,0,1,W2,WYRED,nine,22020.36,8,7039.06
5ee1eca821c28b5e2e65b2e1,Male,20,60s,3,Present,3,1,YO,YORVIS,nine,25071.34,6,4328.805
5d7e8b886984850001138382,Female,34,15s,3,Present,3,1,D2,DYVIS,nine,10375.835,7,8829.47
5f075038b783ad10f899da50,Female,34,30s,7,Present,6,0,D1,DYVIS,nine,7845,4,6521
5e79d99f6873570009367716,Female,26,60s,0,Absent,2,0,W1,WYRED,nine,4363.03,3,6006.38
5cca199061e0b90017809cb7,Male,33,15s,0,Absent,7,0,D3,DYVIS,nine,9200,6,8629
5ffd966bcb70d52bc39bc8ec,Male,19,15s,0,Absent,6,0,D3,DYVIS,nine,14706.93,6,8624.045
5ec875255c6a2700081554ac,Male,19,60s,0,Absent,0,1,W2,WYRED,nine,5559.125,6,3415.42
5f6b57f6b572cb02c30220f7,Male,33,60s,7,Present,0,0,W2,WYRED,nine,11954.155,1,4018.755
5ef0bca3ecae6d023f1eb94b,Male,25,60s,0,Absent,3,0,D3,DYVIS,nine,12346.915,3,6122.045
5f2ea9c0a638c92312e4ae5c,Female,25,15s,0,Absent,7,0,W2,WYRED,nine,8180.39,9,6840.575
5ea5404013b290516d7c7292,Female,23,60s,0,Absent,8,0,YO,YORVIS,nine,33062.185,6,11059.14
5fd79eee9feae6104c4e77c6,Female,26,60s,0,Absent,1,0,YO,YORVIS,nine,15689.145,6,5230.855
5cd071a4eb305c0001f9651e,Female,27,60s,0,Absent,5,0,W1,WYRED,nine,12351.735,1,6560.595
5f81c4ebe8159d28f4c5c134,Female,31,60s,0,Absent,5,0,YO,YORVIS,nine,5225.765,8,5449
5e7a35b598efeb0009e185a0,Female,30,15s,0,Absent,3,0,YO,YORVIS,nine,5643.895,8,3889.835
5f60d313747a9b045ec9b890,Male,25,15s,0,Absent,3,0,D2,DYVIS,nine,15169.05,5,6814.085
5e346dedaf532102529ce9da,Female,19,15s,0,Absent,3,0,D2,DYVIS,nine,8458.93,6,4408.78
5ea846a673b05225f050ff15,Male,29,30s,0,Absent,7,0,D2,DYVIS,nine,5938.005,2,6794.64
5875778b5c17910001ea4f35,Male,41,60s,0,Absent,6,0,D1,DYVIS,nine,6232.76,8,2780.395
5f7304ca84363102c83365d4,Female,21,30s,0,Absent,3,0,D1,DYVIS,nine,9547.26,7,5657.44
5f66f84a4a67562e9573fd99,Male,31,30s,0,Absent,7,0,D1,DYVIS,nine,7925.855,4,4252.5
5fc370fca0603a1bdd47f114,Male,23,15s,7,Present,7,1,YO,YORVIS,nine,13769.535,6,4071.32
5e8f0692facc7d1c12b4c9a1,Male,20,15s,0,Absent,5,0,YO,YORVIS,nine,5794.67,3,5611.29
5b9ca13a06114100010699b8,Female,39,15s,7,Present,4,0,D1,DYVIS,nine,12289.03,5,5011.74
5e189fdc87b37c174c87ab93,Male,29,15s,7,Present,7,1,D1,DYVIS,nine,12146.195,7,6724.99
5e863dd05ae5fb2749124adc,Male,23,60s,0,Absent,5,0,W2,WYRED,nine,10616.1,6,6110.09
5b97a1e083bd380001b92485,Male,31,60s,0,Absent,3,0,D1,DYVIS,nine,19154.595,6,3446.99
5a144041517dfb00013dc747,Female,25,60s,3,Present,2,0,D3,DYVIS,nine,4735.315,2,4044.725
5f9bd129e959ad4125aca7a6,Female,21,60s,3,Present,3,1,D3,DYVIS,nine,24583.045,6,5761.585
5f0cd2fec5c5856c0b47c2b2,Male,33,15s,3,Present,4,0,YO,YORVIS,nine,9111,7,13102
5be30116dd850e0001d2ba99,Male,26,30s,0,Absent,5,0,D2,DYVIS,nine,6935.66,8,3960.995
5e85a0213a32c319090feab4,Male,39,30s,7,Present,3,0,D2,DYVIS,nine,9081.825,6,7826.985
5f0727d3a69e9a08d496fd2e,Female,29,60s,7,Present,8,0,D2,DYVIS,nine,7235.195,8,3727.945
5fc00a11268eb941e7d8b066,Male,22,30s,3,Present,3,1,W2,WYRED,nine,9433.955,8,8538.1
5f56a4525e6f8a0fc2596d89,Male,23,30s,3,Present,1,0,D3,DYVIS,nine,6181.21,6,3503.395
5e42fb246aac8e19d21b5bd2,Male,20,30s,3,Present,6,0,D2,DYVIS,nine,8735.11,5,5712.51
5ffdd6d02b3bca3c02450f95,Male,32,60s,3,Present,3,1,W2,WYRED,nine,9029.09,7,8794.4
5cdead4b836810000178cda4,Female,28,60s,3,Present,3,1,W2,WYRED,nine,7245.01,7,11097.26
5f2ed63917f1c728d2032abc,Female,23,60s,7,Present,1,0,W1,WYRED,nine,12121.315,2,6846.955
5ffd5a764aaf1d286d48482a,Female,28,15s,7,Present,3,0,W1,WYRED,nine,12310.545,8,14419.095
5f2b236bd9d4cf51c1f1f733,Female,19,15s,7,Present,1,0,W1,WYRED,nine,7048.535,4,14215.54
575b2b408b705300078ae5e6,Female,32,60s,7,Present,2,0,D3,DYVIS,nine,17890.805,3,6414.595
5c3c68c0f5ebd5000185a99f,Female,34,15s,3,Present,8,0,D3,DYVIS,nine,3774.595,7,5123.56
5cdec451f833e50016931c1f,Male,40,30s,3,Present,7,0,D1,DYVIS,nine,9048.65,9,10068.12
586427b8e9cb31000195e623,Female,36,30s,7,Present,7,1,W1,WYRED,nine,8938.23,1,6304.02
5d8272296cca0b001759f562,Female,37,60s,7,Present,3,0,YO,YORVIS,nine,7482.41,4,9191.3
60017c41a567db04b8c99c66,Male,25,30s,0,Absent,0,1,YO,YORVIS,nine,7664.35,8,5705.935
5d5a75c570a7c1000152623e,Male,35,30s,0,Absent,1,0,W1,WYRED,nine,9456.845,4,6507.835
5a55c8d276d1c60001aadcb0,Female,38,15s,3,Present,3,1,W2,WYRED,nine,4571.725,10,3396.38
60070418cbf817133cb398bc,Male,21,15s,3,Present,1,0,W2,WYRED,nine,13429.425,7,13209.1
5dd03089370810119f26a996,Female,27,30s,7,Present,5,0,YO,YORVIS,nine,12099.425,0,4898.32
59efd1e377860e0001513786,Female,29,60s,3,Present,1,0,W1,WYRED,nine,8063.07,5,5205.39
5a11a7d0f2e3460001edbe35,Male,29,15s,7,Present,3,0,D2,DYVIS,nine,6810,6,6008
5b1faa1354eabf00013e67ec,Male,36,15s,0,Absent,7,0,D3,DYVIS,nine,5459.86,4,6048.67
5c1041a209e7c20001f1f128,Male,33,60s,0,Absent,0,1,D2,DYVIS,nine,9409.59,8,6055.145
5f2c5609a19da50ff2dff067,Female,24,15s,0,Absent,2,0,W1,WYRED,nine,3257.705,4,4636.785
5fa6a3ded5f64b2f2c12b521,Female,22,30s,7,Present,8,0,D3,DYVIS,nine,10489.115,6,3425.645
5fe87a418422b425f33f44a7,Female,33,15s,0,Absent,0,1,W1,WYRED,nine,10250.455,5,13184.4
5e9adc3d7848b717401fb4c2,Female,32,15s,0,Absent,3,0,D1,DYVIS,nine,5202.39,8,8652.43
59e6493477860e0001512e26,Male,40,15s,0,Absent,4,0,D2,DYVIS,nine,4091.165,7,3159.505
5ccdb020ed1c4f001649810e,Male,31,60s,3,Present,3,1,D2,DYVIS,nine,15076.755,4,5794.565
5f4f6ed945ffaa011f35fb88,Male,23,30s,0,Absent,6,0,D3,DYVIS,nine,8725.55,7,7177.02
5ed690f3b27be20eaf8300c7,Female,21,30s,0,Absent,2,0,W1,WYRED,nine,5926.81,5,4313.795
5fbfffc4e214a60ab1b745fd,Female,23,15s,3,Present,1,0,W1,WYRED,nine,4037.565,6,5089.47
600534ebc2755738396c8490,Male,30,30s,0,Absent,6,0,D3,DYVIS,nine,12364.575,2,4556.545
5fba736741a525a075d4dc48,Male,38,15s,7,Present,2,0,W2,WYRED,nine,6816.3,7,6800.245
5fd16c5b6a8ad0161dd6c44e,Female,21,15s,3,Present,3,1,D1,DYVIS,nine,7710.46,7,7435.865
5fb2edc8c530769b9eb5afc5,Female,35,15s,3,Present,3,1,D1,DYVIS,nine,8731.43,6,8592.145
5ec120a9b585e03ee3b1ff4c,Male,37,60s,7,Present,7,1,D1,DYVIS,nine,9555.375,7,4858.515
5ffafdf0223a2e4d377fdefb,Female,24,60s,3,Present,3,1,D1,DYVIS,nine,17887.79,3,15720.46
600764a8e3dca923fa2cfe10,Female,24,30s,0,Absent,4,0,W2,WYRED,nine,5770.57,6,6423.03
5fcf463c3ee19825905a3c68,Male,32,60s,3,Present,1,0,YO,YORVIS,nine,6580.495,4,4160.08
5e22ba9ced7a20578dfb1ee4,Female,31,30s,7,Present,7,1,D1,DYVIS,nine,6159.575,6,4089.815
5fa6976d5ff13f2d6a4f1a2d,Male,22,15s,0,Absent,1,0,D3,DYVIS,nine,7702.78,7,5187.865
5e1752b587b37c0605b26aca,Male,20,30s,0,Absent,5,0,YO,YORVIS,nine,10622.885,3,12550.14
5b9972d9d3ccc00001fec10c,Male,33,60s,7,Present,5,0,W2,WYRED,nine,2861.05,7,4071.3
5d45bde698c84000164e1200,Female,35,60s,0,Absent,7,0,D3,DYVIS,nine,9142,6,4415
5ec2c25677e7ea0c69b51567,Male,32,15s,0,Absent,3,0,W2,WYRED,nine,12015.33,6,5362.83
5f6fa838ebf785131f2362ee,Male,27,60s,0,Absent,0,1,YO,YORVIS,nine,10562.44,7,6716.035
5ed0f2aa83f09c0008dd8b57,Female,32,15s,0,Absent,1,0,YO,YORVIS,nine,17814.35,8,38064.19
5ffb2c0b07b89b53f4ac3a39,Male,30,15s,0,Absent,5,0,D2,DYVIS,nine,6388,6,5051
5f0e9d5331c8641f1d8dfc70,Female,37,30s,0,Absent,5,0,D2,DYVIS,nine,16522.245,7,11716.675
5f2878521fafbf1a105e0fea,Female,30,30s,0,Absent,3,0,D1,DYVIS,nine,6981.53,8,4395.02
5fc6301ce9b9d3035a703cfe,Female,27,15s,7,Present,3,0,YO,YORVIS,nine,7436.85,6,5956.97
5ffafefe431f504e4bc5634a,Male,24,15s,0,Absent,4,0,YO,YORVIS,nine,8494.665,7,8509.75
5f7f50b84de3e60cc5140897,Female,26,30s,0,Absent,6,0,W2,WYRED,nine,11023.59,7,7007.53
5c0fdc33e32f860001650afd,Male,21,30s,0,Absent,1,0,W2,WYRED,nine,2634.355,8,7330.165
5f43ff27038f80311674da5a,Female,28,60s,0,Absent,8,0,D3,DYVIS,nine,10076.99,1,8829.17
5aa7e3c1777df200016086ae,Female,35,60s,0,Absent,4,0,D3,DYVIS,nine,6570.815,9,4399.34
5d741595b6fe54001877066b,Male,38,15s,7,Present,7,1,D1,DYVIS,nine,8140.26,7,20232.985
55f6ed3032af740005171b36,Male,29,60s,0,Absent,2,0,W2,WYRED,nine,6248.575,2,4873.13
5ddd802af85b50cfcb01978e,Male,33,60s,0,Absent,1,0,D1,DYVIS,nine,4810.725,3,3788.3
5eb73238d312a466035e9645,Female,24,60s,0,Absent,5,0,D1,DYVIS,nine,23440.45,2,8939.815
5f2dbb82a38b5b0d3a822d13,Male,28,15s,3,Present,3,1,YO,YORVIS,nine,4220.36,8,4154.455
5abc11e6e1099600016a3097,Male,25,30s,0,Absent,8,0,D2,DYVIS,nine,17537.815,1,17651.005
5ecb9291c099b470f0cb5e18,Female,33,30s,7,Present,5,0,D2,DYVIS,nine,3620.295,7,4662.54
5ee64556587c7300097a3b85,Female,39,60s,7,Present,0,0,D2,DYVIS,nine,44122.32,8,11589.21
5ff96b0f4c41e2257cad88a9,Female,29,30s,3,Present,3,1,W2,WYRED,nine,5348.42,8,3693.825
5fa3f7e08b658405a2f1bd36,Female,25,30s,3,Present,3,1,D3,DYVIS,nine,8149.245,7,6122.46
5ff90d1d62b989202e33331e,Male,18,30s,3,Present,1,0,D2,DYVIS,nine,6437.82,4,5958.49
5f48ce8de29d0925958419fc,Male,20,60s,7,Present,1,0,W1,WYRED,nine,27580.56,3,4817.25
5a88863f5292b80001231680,Female,34,15s,7,Present,6,0,W1,WYRED,nine,12102.865,4,11580.36
5ff76a16233de9416dbcf541,Female,31,60s,7,Present,1,0,D3,DYVIS,nine,7871.98,9,4996.285
5feb31a4fef4d1b519e1cfc5,Male,32,30s,3,Present,3,1,D1,DYVIS,nine,9514.75,4,5660.79
5ec123a045a53653acfa0d25,Male,22,60s,0,Absent,0,1,D2,DYVIS,nine,7938.245,3,6437.885
59d5f2a4078dbe00019513cc,Female,36,30s,7,Present,0,0,W1,WYRED,nine,8394.59,7,4937.785
5ff48377559f43b84295ffd3,Male,23,60s,7,Present,7,1,YO,YORVIS,nine,10274.03,7,9008.825
5fe22499bbdf7fd5ae926b26,Female,22,30s,0,Absent,3,0,YO,YORVIS,nine,6541.055,7,6312.355
6009f84c3d07bf11514f2cae,Female,24,30s,0,Absent,5,0,YO,YORVIS,nine,7585.865,6,7203.32
